{
  "kind": "singleType",
  "collectionName": "homepages",
  "info": {
    "name": "Homepage"
  },
  "options": {
    "draftAndPublish": true,
    "increments": true,
    "timestamps": true
  },
  "pluginOptions": {
    "i18n": {
      "localized": true
    }
  },
  "attributes": {
    "title": {
      "type": "string",
      "required": true,
      "pluginOptions": {
        "i18n": {
          "localized": true
        }
      }
    },
    "slug": {
      "type": "uid",
      "targetField": "title",
      "required": true,
      "pluginOptions": {
        "i18n": {
          "localized": true
        }
      }
    },
    "single": {
      "model": "file",
      "via": "related",
      "allowedTypes": ["images", "files", "videos"],
      "plugin": "upload",
      "required": false
    },
    "multiple": {
      "collection": "file",
      "via": "related",
      "allowedTypes": ["images", "videos"],
      "plugin": "upload",
      "required": false
    }
  }
}
