{
  "routes": [
    {
      "method": "GET",
      "path": "/menus",
      "handler": "Menu.find",
      "config": {
        "policies": []
      }
    },
    {
      "method": "GET",
      "path": "/menus/count",
      "handler": "Menu.count",
      "config": {
        "policies": []
      }
    },
    {
      "method": "GET",
      "path": "/menus/:id",
      "handler": "Menu.findOne",
      "config": {
        "policies": []
      }
    },
    {
      "method": "POST",
      "path": "/menus",
      "handler": "Menu.create",
      "config": {
        "policies": []
      }
    },
    {
      "method": "PUT",
      "path": "/menus/:id",
      "handler": "Menu.update",
      "config": {
        "policies": []
      }
    },
    {
      "method": "DELETE",
      "path": "/menus/:id",
      "handler": "Menu.delete",
      "config": {
        "policies": []
      }
    }
  ]
}
